Initial sync at 2025-07-16T19:33:25.775499 UTC
Contribution 1 at Wed Jul 16 19:49:32 UTC 2025
Contribution 2 at Wed Jul 16 19:49:54 UTC 2025
Contribution 3 at Wed Jul 16 19:50:09 UTC 2025
Contribution 1 on day 16 at Wed Jul 16 19:54:55 UTC 2025
Contribution 1 on day 17 at Thu Jul 17 03:58:36 UTC 2025
Contribution 2 on day 17 at Thu Jul 17 03:58:45 UTC 2025
Contribution 3 on day 17 at Thu Jul 17 03:59:03 UTC 2025Contribution 1 on day 18 at Fri Jul 18 04:00:31 UTC 2025
Contribution 2 on day 18 at Fri Jul 18 04:00:48 UTC 2025
Contribution 3 on day 18 at Fri Jul 18 04:01:02 UTC 2025
Contribution 1 on day 19 at Sat Jul 19 03:53:51 UTC 2025
Contribution 2 on day 19 at Sat Jul 19 03:54:13 UTC 2025
Contribution 3 on day 19 at Sat Jul 19 03:54:29 UTC 2025
Contribution 4 on day 19 at Sat Jul 19 03:54:34 UTC 2025
Contribution 5 on day 19 at Sat Jul 19 03:54:53 UTC 2025
Contribution 6 on day 19 at Sat Jul 19 03:55:13 UTC 2025
Contribution 1 on day 20 at Sun Jul 20 04:06:33 UTC 2025
Contribution 2 on day 20 at Sun Jul 20 04:06:54 UTC 2025
Contribution 1 on day 23 at Wed Jul 23 04:02:05 UTC 2025
Contribution 2 on day 23 at Wed Jul 23 04:02:11 UTC 2025
Contribution 3 on day 23 at Wed Jul 23 04:02:28 UTC 2025
Log entry 1 on day 24 at Thu Jul 24 07:28:32 UTC 2025
Log entry 2 on day 24 at Thu Jul 24 07:28:38 UTC 2025
Log entry 3 on day 24 at Thu Jul 24 07:28:47 UTC 2025
Log entry 1 on day 25 at Fri Jul 25 07:28:31 UTC 2025
Log entry 2 on day 25 at Fri Jul 25 07:28:49 UTC 2025
Log entry 1 on day 28 at Mon Jul 28 07:30:58 UTC 2025
Log entry 2 on day 28 at Mon Jul 28 07:31:22 UTC 2025
Log entry 3 on day 28 at Mon Jul 28 07:31:34 UTC 2025
Log entry 4 on day 28 at Mon Jul 28 07:31:54 UTC 2025
Log entry 5 on day 28 at Mon Jul 28 07:32:04 UTC 2025
Log entry 6 on day 28 at Mon Jul 28 07:32:27 UTC 2025
Log entry 1 on day 29 at Tue Jul 29 07:29:47 UTC 2025
Log entry 2 on day 29 at Tue Jul 29 07:30:03 UTC 2025
Log entry 3 on day 29 at Tue Jul 29 07:30:17 UTC 2025
Log entry 1 on day 30 at Wed Jul 30 07:30:30 UTC 2025
Log entry 2 on day 30 at Wed Jul 30 07:30:45 UTC 2025
Log entry 1 on day 31 at Thu Jul 31 07:29:15 UTC 2025
Log entry 2 on day 31 at Thu Jul 31 07:29:32 UTC 2025
Log entry 3 on day 31 at Thu Jul 31 07:29:37 UTC 2025
Log entry 4 on day 31 at Thu Jul 31 07:29:55 UTC 2025
Log entry 1 on day 01 at Fri Aug  1 07:32:12 UTC 2025
Log entry 2 on day 01 at Fri Aug  1 07:32:33 UTC 2025
Log entry 3 on day 01 at Fri Aug  1 07:32:56 UTC 2025
Log entry 4 on day 01 at Fri Aug  1 07:33:12 UTC 2025
Log entry 1 on day 04 at Mon Aug  4 07:34:34 UTC 2025
Log entry 2 on day 04 at Mon Aug  4 07:34:40 UTC 2025
Log entry 1 on day 05 at Tue Aug  5 07:32:13 UTC 2025
Log entry 2 on day 05 at Tue Aug  5 07:32:18 UTC 2025
Log entry 1 on day 06 at Wed Aug  6 07:31:48 UTC 2025
Log entry 2 on day 06 at Wed Aug  6 07:32:06 UTC 2025
Log entry 3 on day 06 at Wed Aug  6 07:32:28 UTC 2025
Log entry 4 on day 06 at Wed Aug  6 07:32:51 UTC 2025
Log entry 5 on day 06 at Wed Aug  6 07:33:15 UTC 2025
Log entry 6 on day 06 at Wed Aug  6 07:33:23 UTC 2025
Log entry 1 on day 07 at Thu Aug  7 07:30:52 UTC 2025
Log entry 2 on day 07 at Thu Aug  7 07:31:15 UTC 2025
Log entry 3 on day 07 at Thu Aug  7 07:31:23 UTC 2025
Log entry 1 on day 08 at Fri Aug  8 07:30:44 UTC 2025
Log entry 2 on day 08 at Fri Aug  8 07:30:55 UTC 2025
Log entry 1 on day 11 at Mon Aug 11 07:30:20 UTC 2025
Log entry 2 on day 11 at Mon Aug 11 07:30:26 UTC 2025
Log entry 1 on day 12 at Tue Aug 12 07:26:04 UTC 2025
Log entry 1 on day 13 at Wed Aug 13 07:26:19 UTC 2025
Log entry 2 on day 13 at Wed Aug 13 07:26:26 UTC 2025
Log entry 3 on day 13 at Wed Aug 13 07:26:41 UTC 2025
Log entry 1 on day 14 at Thu Aug 14 07:26:06 UTC 2025
Log entry 2 on day 14 at Thu Aug 14 07:26:13 UTC 2025
Log entry 3 on day 14 at Thu Aug 14 07:26:18 UTC 2025
Log entry 4 on day 14 at Thu Aug 14 07:26:26 UTC 2025
Log entry 1 on day 15 at Fri Aug 15 07:24:49 UTC 2025
Log entry 2 on day 15 at Fri Aug 15 07:25:08 UTC 2025
Log entry 1 on day 18 at Mon Aug 18 07:27:55 UTC 2025
Log entry 2 on day 18 at Mon Aug 18 07:28:16 UTC 2025
Log entry 3 on day 18 at Mon Aug 18 07:28:32 UTC 2025
Log entry 1 on day 19 at Tue Aug 19 07:24:07 UTC 2025
Log entry 2 on day 19 at Tue Aug 19 07:24:28 UTC 2025
Log entry 3 on day 19 at Tue Aug 19 07:24:41 UTC 2025
Log entry 1 on day 20 at Wed Aug 20 07:24:29 UTC 2025
Log entry 2 on day 20 at Wed Aug 20 07:24:46 UTC 2025
Log entry 3 on day 20 at Wed Aug 20 07:24:56 UTC 2025
Log entry 4 on day 20 at Wed Aug 20 07:25:18 UTC 2025
Log entry 5 on day 20 at Wed Aug 20 07:25:33 UTC 2025
Log entry 6 on day 20 at Wed Aug 20 07:25:44 UTC 2025
Log entry 1 on day 21 at Thu Aug 21 07:25:48 UTC 2025
Log entry 2 on day 21 at Thu Aug 21 07:26:02 UTC 2025
Log entry 3 on day 21 at Thu Aug 21 07:26:19 UTC 2025
Log entry 4 on day 21 at Thu Aug 21 07:26:28 UTC 2025
Log entry 5 on day 21 at Thu Aug 21 07:26:40 UTC 2025
Log entry 1 on day 22 at Fri Aug 22 07:22:56 UTC 2025
Log entry 2 on day 22 at Fri Aug 22 07:23:20 UTC 2025
Log entry 3 on day 22 at Fri Aug 22 07:23:30 UTC 2025
Log entry 4 on day 22 at Fri Aug 22 07:23:54 UTC 2025
Log entry 5 on day 22 at Fri Aug 22 07:24:15 UTC 2025
Log entry 6 on day 22 at Fri Aug 22 07:24:29 UTC 2025
Log entry 1 on day 25 at Mon Aug 25 07:24:50 UTC 2025
Log entry 2 on day 25 at Mon Aug 25 07:25:14 UTC 2025
Log entry 3 on day 25 at Mon Aug 25 07:25:37 UTC 2025
Log entry 4 on day 25 at Mon Aug 25 07:25:57 UTC 2025
Log entry 5 on day 25 at Mon Aug 25 07:26:03 UTC 2025
Log entry 1 on day 26 at Tue Aug 26 07:24:10 UTC 2025
Log entry 2 on day 26 at Tue Aug 26 07:24:31 UTC 2025
Log entry 3 on day 26 at Tue Aug 26 07:24:54 UTC 2025
Log entry 4 on day 26 at Tue Aug 26 07:25:17 UTC 2025
Log entry 1 on day 27 at Wed Aug 27 07:22:51 UTC 2025
Log entry 2 on day 27 at Wed Aug 27 07:23:15 UTC 2025
Log entry 3 on day 27 at Wed Aug 27 07:23:24 UTC 2025
Log entry 1 on day 28 at Thu Aug 28 07:23:41 UTC 2025
Log entry 2 on day 28 at Thu Aug 28 07:24:00 UTC 2025
Log entry 3 on day 28 at Thu Aug 28 07:24:23 UTC 2025
Log entry 4 on day 28 at Thu Aug 28 07:24:39 UTC 2025
Log entry 5 on day 28 at Thu Aug 28 07:24:47 UTC 2025
Log entry 6 on day 28 at Thu Aug 28 07:25:10 UTC 2025
Log entry 1 on day 29 at Fri Aug 29 07:23:20 UTC 2025
Log entry 2 on day 29 at Fri Aug 29 07:23:27 UTC 2025
Log entry 3 on day 29 at Fri Aug 29 07:23:44 UTC 2025
Log entry 4 on day 29 at Fri Aug 29 07:23:51 UTC 2025
Log entry 5 on day 29 at Fri Aug 29 07:23:59 UTC 2025
Log entry 6 on day 29 at Fri Aug 29 07:24:05 UTC 2025
Log entry 1 on day 01 at Mon Sep  1 07:24:51 UTC 2025
Log entry 2 on day 01 at Mon Sep  1 07:25:05 UTC 2025
Log entry 3 on day 01 at Mon Sep  1 07:25:20 UTC 2025
Log entry 4 on day 01 at Mon Sep  1 07:25:35 UTC 2025
Log entry 5 on day 01 at Mon Sep  1 07:25:42 UTC 2025
Log entry 6 on day 01 at Mon Sep  1 07:25:55 UTC 2025
Log entry 1 on day 02 at Tue Sep  2 07:23:51 UTC 2025
Log entry 2 on day 02 at Tue Sep  2 07:24:11 UTC 2025
Log entry 3 on day 02 at Tue Sep  2 07:24:26 UTC 2025
Log entry 4 on day 02 at Tue Sep  2 07:24:46 UTC 2025
Log entry 1 on day 03 at Wed Sep  3 07:22:17 UTC 2025
Log entry 2 on day 03 at Wed Sep  3 07:22:25 UTC 2025
Log entry 3 on day 03 at Wed Sep  3 07:22:31 UTC 2025
Log entry 4 on day 03 at Wed Sep  3 07:22:39 UTC 2025
Log entry 5 on day 03 at Wed Sep  3 07:22:52 UTC 2025
Log entry 1 on day 04 at Thu Sep  4 07:22:03 UTC 2025
Log entry 2 on day 04 at Thu Sep  4 07:22:27 UTC 2025
Log entry 3 on day 04 at Thu Sep  4 07:22:44 UTC 2025
Log entry 4 on day 04 at Thu Sep  4 07:22:59 UTC 2025
Log entry 5 on day 04 at Thu Sep  4 07:23:23 UTC 2025
Log entry 6 on day 04 at Thu Sep  4 07:23:31 UTC 2025
Log entry 1 on day 05 at Fri Sep  5 07:22:30 UTC 2025
Log entry 2 on day 05 at Fri Sep  5 07:22:54 UTC 2025
Log entry 3 on day 05 at Fri Sep  5 07:23:12 UTC 2025
Log entry 4 on day 05 at Fri Sep  5 07:23:31 UTC 2025
Log entry 5 on day 05 at Fri Sep  5 07:23:36 UTC 2025
Log entry 6 on day 05 at Fri Sep  5 07:23:50 UTC 2025
Log entry 1 on day 08 at Mon Sep  8 07:24:14 UTC 2025
Log entry 2 on day 08 at Mon Sep  8 07:24:32 UTC 2025
Log entry 3 on day 08 at Mon Sep  8 07:24:43 UTC 2025
Log entry 1 on day 09 at Tue Sep  9 07:23:04 UTC 2025
Log entry 2 on day 09 at Tue Sep  9 07:23:10 UTC 2025
Log entry 3 on day 09 at Tue Sep  9 07:23:28 UTC 2025
Log entry 4 on day 09 at Tue Sep  9 07:23:35 UTC 2025
Log entry 1 on day 10 at Wed Sep 10 07:22:55 UTC 2025
Log entry 2 on day 10 at Wed Sep 10 07:23:10 UTC 2025
Log entry 3 on day 10 at Wed Sep 10 07:23:25 UTC 2025
Log entry 4 on day 10 at Wed Sep 10 07:23:47 UTC 2025
Log entry 5 on day 10 at Wed Sep 10 07:23:52 UTC 2025
Log entry 6 on day 10 at Wed Sep 10 07:23:59 UTC 2025
Log entry 1 on day 11 at Thu Sep 11 07:23:00 UTC 2025
Log entry 2 on day 11 at Thu Sep 11 07:23:06 UTC 2025
Log entry 3 on day 11 at Thu Sep 11 07:23:26 UTC 2025
Log entry 4 on day 11 at Thu Sep 11 07:23:43 UTC 2025
Log entry 1 on day 12 at Fri Sep 12 07:21:52 UTC 2025
Log entry 1 on day 15 at Mon Sep 15 07:24:49 UTC 2025
Log entry 2 on day 15 at Mon Sep 15 07:25:04 UTC 2025
Log entry 3 on day 15 at Mon Sep 15 07:25:24 UTC 2025
Log entry 4 on day 15 at Mon Sep 15 07:25:43 UTC 2025
Log entry 1 on day 16 at Tue Sep 16 07:23:23 UTC 2025
Log entry 2 on day 16 at Tue Sep 16 07:23:47 UTC 2025
Log entry 3 on day 16 at Tue Sep 16 07:23:52 UTC 2025
Log entry 4 on day 16 at Tue Sep 16 07:24:11 UTC 2025
Log entry 5 on day 16 at Tue Sep 16 07:24:32 UTC 2025
Log entry 1 on day 17 at Wed Sep 17 07:22:24 UTC 2025
Log entry 2 on day 17 at Wed Sep 17 07:22:38 UTC 2025
Log entry 3 on day 17 at Wed Sep 17 07:22:43 UTC 2025
Log entry 4 on day 17 at Wed Sep 17 07:22:49 UTC 2025
Log entry 1 on day 18 at Thu Sep 18 07:22:24 UTC 2025
Log entry 2 on day 18 at Thu Sep 18 07:22:37 UTC 2025
Log entry 3 on day 18 at Thu Sep 18 07:22:56 UTC 2025
Log entry 1 on day 19 at Fri Sep 19 07:22:46 UTC 2025
Log entry 2 on day 19 at Fri Sep 19 07:23:09 UTC 2025
Log entry 3 on day 19 at Fri Sep 19 07:23:16 UTC 2025
Log entry 4 on day 19 at Fri Sep 19 07:23:34 UTC 2025
Log entry 5 on day 19 at Fri Sep 19 07:23:44 UTC 2025
Log entry 6 on day 19 at Fri Sep 19 07:24:05 UTC 2025
Log entry 1 on day 22 at Mon Sep 22 07:24:51 UTC 2025
Log entry 2 on day 22 at Mon Sep 22 07:24:59 UTC 2025
Log entry 3 on day 22 at Mon Sep 22 07:25:16 UTC 2025
Log entry 4 on day 22 at Mon Sep 22 07:25:23 UTC 2025
Log entry 1 on day 23 at Tue Sep 23 07:23:38 UTC 2025
Log entry 2 on day 23 at Tue Sep 23 07:24:02 UTC 2025
Log entry 3 on day 23 at Tue Sep 23 07:24:23 UTC 2025
Log entry 4 on day 23 at Tue Sep 23 07:24:47 UTC 2025
Log entry 5 on day 23 at Tue Sep 23 07:24:56 UTC 2025
Log entry 1 on day 24 at Wed Sep 24 07:23:54 UTC 2025
Log entry 2 on day 24 at Wed Sep 24 07:24:14 UTC 2025
Log entry 3 on day 24 at Wed Sep 24 07:24:30 UTC 2025
Log entry 4 on day 24 at Wed Sep 24 07:24:43 UTC 2025
Log entry 5 on day 24 at Wed Sep 24 07:24:51 UTC 2025
Log entry 1 on day 25 at Thu Sep 25 07:24:27 UTC 2025
Log entry 2 on day 25 at Thu Sep 25 07:24:43 UTC 2025
Log entry 3 on day 25 at Thu Sep 25 07:24:57 UTC 2025
Log entry 4 on day 25 at Thu Sep 25 07:25:05 UTC 2025
Log entry 1 on day 26 at Fri Sep 26 07:23:49 UTC 2025
Log entry 2 on day 26 at Fri Sep 26 07:23:58 UTC 2025
Log entry 3 on day 26 at Fri Sep 26 07:24:07 UTC 2025
Log entry 1 on day 29 at Mon Sep 29 07:24:51 UTC 2025
Log entry 2 on day 29 at Mon Sep 29 07:25:07 UTC 2025
Log entry 3 on day 29 at Mon Sep 29 07:25:22 UTC 2025
Log entry 4 on day 29 at Mon Sep 29 07:25:39 UTC 2025
Log entry 5 on day 29 at Mon Sep 29 07:25:48 UTC 2025
Log entry 1 on day 30 at Tue Sep 30 07:23:51 UTC 2025
Log entry 1 on day 01 at Wed Oct  1 07:24:05 UTC 2025
Log entry 2 on day 01 at Wed Oct  1 07:24:27 UTC 2025
Log entry 3 on day 01 at Wed Oct  1 07:24:43 UTC 2025
Log entry 4 on day 01 at Wed Oct  1 07:25:05 UTC 2025
Log entry 5 on day 01 at Wed Oct  1 07:25:21 UTC 2025
Log entry 1 on day 02 at Thu Oct  2 07:22:03 UTC 2025
Log entry 1 on day 03 at Fri Oct  3 07:22:16 UTC 2025
Log entry 2 on day 03 at Fri Oct  3 07:22:27 UTC 2025
Log entry 1 on day 06 at Mon Oct  6 07:24:22 UTC 2025
Log entry 2 on day 06 at Mon Oct  6 07:24:39 UTC 2025
Log entry 3 on day 06 at Mon Oct  6 07:24:47 UTC 2025
Log entry 1 on day 07 at Tue Oct  7 07:23:28 UTC 2025
Log entry 2 on day 07 at Tue Oct  7 07:23:37 UTC 2025
Log entry 3 on day 07 at Tue Oct  7 07:23:48 UTC 2025
Log entry 4 on day 07 at Tue Oct  7 07:24:00 UTC 2025
Log entry 1 on day 08 at Wed Oct  8 07:22:56 UTC 2025
Log entry 2 on day 08 at Wed Oct  8 07:23:08 UTC 2025
Log entry 3 on day 08 at Wed Oct  8 07:23:17 UTC 2025
Log entry 4 on day 08 at Wed Oct  8 07:23:38 UTC 2025
Log entry 5 on day 08 at Wed Oct  8 07:23:59 UTC 2025
Log entry 1 on day 09 at Thu Oct  9 07:23:18 UTC 2025
Log entry 2 on day 09 at Thu Oct  9 07:23:32 UTC 2025
Log entry 3 on day 09 at Thu Oct  9 07:23:54 UTC 2025
Log entry 1 on day 10 at Fri Oct 10 07:23:10 UTC 2025
Log entry 1 on day 13 at Mon Oct 13 07:24:37 UTC 2025
Log entry 2 on day 13 at Mon Oct 13 07:24:55 UTC 2025
Log entry 3 on day 13 at Mon Oct 13 07:25:12 UTC 2025
Log entry 4 on day 13 at Mon Oct 13 07:25:28 UTC 2025
Log entry 5 on day 13 at Mon Oct 13 07:25:40 UTC 2025
Log entry 6 on day 13 at Mon Oct 13 07:26:03 UTC 2025
Log entry 1 on day 14 at Tue Oct 14 07:24:14 UTC 2025
Log entry 1 on day 15 at Wed Oct 15 07:24:49 UTC 2025
Log entry 1 on day 16 at Thu Oct 16 07:24:34 UTC 2025
Log entry 2 on day 16 at Thu Oct 16 07:24:50 UTC 2025
Log entry 3 on day 16 at Thu Oct 16 07:25:13 UTC 2025
Log entry 4 on day 16 at Thu Oct 16 07:25:27 UTC 2025
Log entry 1 on day 17 at Fri Oct 17 07:23:28 UTC 2025
Log entry 2 on day 17 at Fri Oct 17 07:23:47 UTC 2025
Log entry 3 on day 17 at Fri Oct 17 07:23:56 UTC 2025
Log entry 4 on day 17 at Fri Oct 17 07:24:09 UTC 2025
Log entry 5 on day 17 at Fri Oct 17 07:24:31 UTC 2025
Log entry 6 on day 17 at Fri Oct 17 07:24:36 UTC 2025
Log entry 1 on day 20 at Mon Oct 20 07:25:13 UTC 2025
Log entry 2 on day 20 at Mon Oct 20 07:25:32 UTC 2025
Log entry 3 on day 20 at Mon Oct 20 07:25:50 UTC 2025
Log entry 1 on day 21 at Tue Oct 21 07:24:44 UTC 2025
Log entry 2 on day 21 at Tue Oct 21 07:24:56 UTC 2025
Log entry 3 on day 21 at Tue Oct 21 07:25:07 UTC 2025
Log entry 4 on day 21 at Tue Oct 21 07:25:13 UTC 2025
Log entry 5 on day 21 at Tue Oct 21 07:25:22 UTC 2025
Log entry 1 on day 22 at Wed Oct 22 07:24:12 UTC 2025
Log entry 2 on day 22 at Wed Oct 22 07:24:36 UTC 2025
Log entry 1 on day 23 at Thu Oct 23 07:24:35 UTC 2025
Log entry 2 on day 23 at Thu Oct 23 07:24:56 UTC 2025
Log entry 1 on day 24 at Fri Oct 24 07:23:34 UTC 2025
Log entry 2 on day 24 at Fri Oct 24 07:23:55 UTC 2025
Log entry 1 on day 27 at Mon Oct 27 07:24:23 UTC 2025
Log entry 2 on day 27 at Mon Oct 27 07:24:47 UTC 2025
Log entry 3 on day 27 at Mon Oct 27 07:25:09 UTC 2025
Log entry 4 on day 27 at Mon Oct 27 07:25:32 UTC 2025
Log entry 5 on day 27 at Mon Oct 27 07:25:43 UTC 2025
Log entry 1 on day 28 at Tue Oct 28 07:24:17 UTC 2025
Log entry 2 on day 28 at Tue Oct 28 07:24:33 UTC 2025
Log entry 1 on day 29 at Wed Oct 29 07:24:40 UTC 2025
Log entry 1 on day 30 at Thu Oct 30 07:23:30 UTC 2025
Log entry 1 on day 31 at Fri Oct 31 07:23:15 UTC 2025
Log entry 1 on day 03 at Mon Nov  3 07:25:07 UTC 2025
Log entry 2 on day 03 at Mon Nov  3 07:25:22 UTC 2025
Log entry 3 on day 03 at Mon Nov  3 07:25:27 UTC 2025
Log entry 4 on day 03 at Mon Nov  3 07:25:46 UTC 2025
Log entry 5 on day 03 at Mon Nov  3 07:25:57 UTC 2025
Log entry 1 on day 04 at Tue Nov  4 07:24:27 UTC 2025
Log entry 1 on day 05 at Wed Nov  5 07:24:17 UTC 2025
Log entry 2 on day 05 at Wed Nov  5 07:24:23 UTC 2025
Log entry 3 on day 05 at Wed Nov  5 07:24:39 UTC 2025
Log entry 4 on day 05 at Wed Nov  5 07:24:47 UTC 2025
Log entry 5 on day 05 at Wed Nov  5 07:25:00 UTC 2025
Log entry 6 on day 05 at Wed Nov  5 07:25:05 UTC 2025
Log entry 1 on day 06 at Thu Nov  6 07:23:58 UTC 2025
Log entry 2 on day 06 at Thu Nov  6 07:24:09 UTC 2025
Log entry 3 on day 06 at Thu Nov  6 07:24:32 UTC 2025
Log entry 1 on day 07 at Fri Nov  7 07:23:58 UTC 2025
Log entry 2 on day 07 at Fri Nov  7 07:24:21 UTC 2025
Log entry 1 on day 10 at Mon Nov 10 07:24:46 UTC 2025
Log entry 2 on day 10 at Mon Nov 10 07:25:06 UTC 2025
Log entry 3 on day 10 at Mon Nov 10 07:25:28 UTC 2025
Log entry 4 on day 10 at Mon Nov 10 07:25:47 UTC 2025
Log entry 5 on day 10 at Mon Nov 10 07:26:02 UTC 2025
Log entry 1 on day 11 at Tue Nov 11 07:25:27 UTC 2025
Log entry 2 on day 11 at Tue Nov 11 07:25:51 UTC 2025
Log entry 3 on day 11 at Tue Nov 11 07:26:04 UTC 2025
Log entry 4 on day 11 at Tue Nov 11 07:26:13 UTC 2025
Log entry 5 on day 11 at Tue Nov 11 07:26:31 UTC 2025
Log entry 1 on day 12 at Wed Nov 12 07:24:46 UTC 2025
Log entry 2 on day 12 at Wed Nov 12 07:25:08 UTC 2025
Log entry 3 on day 12 at Wed Nov 12 07:25:23 UTC 2025
Log entry 4 on day 12 at Wed Nov 12 07:25:34 UTC 2025
Log entry 1 on day 13 at Thu Nov 13 07:24:26 UTC 2025
Log entry 2 on day 13 at Thu Nov 13 07:24:35 UTC 2025
Log entry 3 on day 13 at Thu Nov 13 07:24:59 UTC 2025
Log entry 1 on day 14 at Fri Nov 14 07:24:45 UTC 2025
Log entry 2 on day 14 at Fri Nov 14 07:24:58 UTC 2025
Log entry 3 on day 14 at Fri Nov 14 07:25:11 UTC 2025
Log entry 4 on day 14 at Fri Nov 14 07:25:25 UTC 2025
Log entry 1 on day 17 at Mon Nov 17 07:25:27 UTC 2025
Log entry 1 on day 18 at Tue Nov 18 07:24:59 UTC 2025
Log entry 2 on day 18 at Tue Nov 18 07:25:10 UTC 2025
Log entry 3 on day 18 at Tue Nov 18 07:25:28 UTC 2025
Log entry 1 on day 19 at Wed Nov 19 07:24:55 UTC 2025
Log entry 2 on day 19 at Wed Nov 19 07:25:19 UTC 2025
Log entry 3 on day 19 at Wed Nov 19 07:25:26 UTC 2025
Log entry 4 on day 19 at Wed Nov 19 07:25:43 UTC 2025
Log entry 5 on day 19 at Wed Nov 19 07:26:04 UTC 2025
Log entry 1 on day 20 at Thu Nov 20 07:25:20 UTC 2025
Log entry 2 on day 20 at Thu Nov 20 07:25:26 UTC 2025
Log entry 3 on day 20 at Thu Nov 20 07:25:50 UTC 2025
Log entry 4 on day 20 at Thu Nov 20 07:26:11 UTC 2025
Log entry 5 on day 20 at Thu Nov 20 07:26:23 UTC 2025
Log entry 6 on day 20 at Thu Nov 20 07:26:36 UTC 2025
Log entry 1 on day 21 at Fri Nov 21 07:25:32 UTC 2025
Log entry 2 on day 21 at Fri Nov 21 07:25:39 UTC 2025
Log entry 3 on day 21 at Fri Nov 21 07:25:59 UTC 2025
